id,first_name,last_name,email,gender,ip_address
1,Hobie,Eyckelberg,heyckelberg0@sakura.ne.jp,Male,246.55.36.223
2,Euphemia,Beese,ebeese1@cdbaby.com,Female,190.169.164.149
3,Israel,Jeggo,ijeggo2@home.pl,Male,133.240.59.94
4,Wallis,Dormon,wdormon3@github.io,Female,99.240.97.41
5,Leanora,Venney,lvenney4@linkedin.com,Female,42.205.45.48
6,Jeff,Crudge,jcrudge5@webmd.com,Male,202.111.191.122
7,Mae,O'Cullinane,mocullinane6@smh.com.au,Female,130.22.217.251
8,Dale,MacGinlay,dmacginlay7@un.org,Bigender,114.112.22.121
9,Bay,Scorton,bscorton8@usnews.com,Male,63.29.239.154
10,Irvin,O'Fallon,iofallon9@facebook.com,Male,138.202.182.235
11,Neilla,Sargant,nsarganta@nsw.gov.au,Female,13.86.144.113
12,Katey,Kimbley,kkimbleyb@plala.or.jp,Female,184.7.106.37
13,Karlen,Shellshear,kshellshearc@shop-pro.jp,Female,153.214.60.53
14,Jeanie,Raselles,jrasellesd@fc2.com,Female,226.140.153.88
15,Gustavo,Stalf,gstalfe@godaddy.com,Male,31.148.112.141
16,Anjela,Gullifant,agullifantf@skype.com,Female,142.220.147.72
17,Garrik,Morrall,gmorrallg@com.com,Male,112.117.26.106
18,Yevette,Pitkins,ypitkinsh@issuu.com,Female,189.185.173.161
19,Roley,Lawlor,rlawlori@foxnews.com,Male,235.215.111.130
20,Alister,Hiorn,ahiornj@utexas.edu,Male,4.207.154.214
21,Carlota,Hagwood,chagwoodk@artisteer.com,Non-binary,99.47.52.77
22,Thaddeus,Timmermann,ttimmermannl@icio.us,Male,0.168.205.232
23,Astra,Wrathmall,awrathmallm@timesonline.co.uk,Bigender,159.93.225.24
24,Norry,Lilbourne,nlilbournen@jalbum.net,Male,255.203.92.193
25,Birgitta,Faier,bfaiero@google.it,Female,234.91.159.110
26,Shawn,Ramsden,sramsdenp@admin.ch,Male,62.42.76.212
27,Gustie,Cicculi,gcicculiq@thetimes.co.uk,Female,205.84.53.68
28,Hale,Felgate,hfelgater@csmonitor.com,Male,202.31.208.85
29,Nikki,Bingley,nbingleys@ibm.com,Male,172.155.126.128
30,Rosabel,Spriggin,rspriggint@mac.com,Female,213.78.167.52
31,Sidoney,Vahey,svaheyu@whitehouse.gov,Female,210.88.138.244
32,Ambros,Buckberry,abuckberryv@berkeley.edu,Male,131.234.230.138
33,Mariele,Reilly,mreillyw@bizjournals.com,Female,232.202.202.78
34,Shandeigh,Skipton,sskiptonx@wikispaces.com,Female,253.66.3.11
35,Aldus,Seville,asevilley@tripadvisor.com,Male,237.180.121.191
36,Karlee,Lergan,klerganz@about.me,Female,194.81.84.149
37,Nanete,Giannotti,ngiannotti10@list-manage.com,Female,172.208.186.72
38,Chelsea,Szymanowski,cszymanowski11@netvibes.com,Female,160.213.247.210
39,Dallas,Samme,dsamme12@lycos.com,Male,223.44.4.87
40,Chrissie,Kemwall,ckemwall13@infoseek.co.jp,Female,182.103.122.23
41,Coralyn,Viscovi,cviscovi14@dot.gov,Genderqueer,15.205.182.200
42,Agretha,Eslemont,aeslemont15@reddit.com,Female,233.202.12.65
43,Conway,Tewes,ctewes16@photobucket.com,Male,84.83.114.101
44,Zsa zsa,Raphael,zraphael17@dot.gov,Female,171.159.202.208
45,Lacey,Dybell,ldybell18@nps.gov,Female,42.157.191.38
46,Edmund,Callander,ecallander19@ft.com,Male,191.138.175.225
47,Dyana,Catling,dcatling1a@stanford.edu,Female,130.241.99.115
48,Wenona,Karpf,wkarpf1b@blinklist.com,Female,38.163.242.241
49,Wilmette,Hannond,whannond1c@sakura.ne.jp,Agender,208.51.116.6
50,Tawnya,Burtonshaw,tburtonshaw1d@shinystat.com,Female,138.157.170.159
51,Ferrel,Betton,fbetton1e@patch.com,Male,137.200.62.217
52,Sheba,McIlvaney,smcilvaney1f@diigo.com,Female,166.252.146.244
53,Ephraim,Stonbridge,estonbridge1g@admin.ch,Male,118.63.63.159
54,Thain,Penketh,tpenketh1h@etsy.com,Male,1.140.105.0
55,Edd,Trusdale,etrusdale1i@qq.com,Male,30.196.168.149
56,Kariotta,Hankey,khankey1j@flickr.com,Bigender,68.5.223.238
57,Crista,Alldred,calldred1k@yelp.com,Genderqueer,100.176.190.91
58,Olivero,Penberthy,openberthy1l@sourceforge.net,Male,220.37.155.82
59,Dora,Hancock,dhancock1m@4shared.com,Female,156.66.122.148
60,Darrelle,Jancy,djancy1n@spiegel.de,Agender,220.211.152.173
61,Frederigo,Lazenby,flazenby1o@naver.com,Male,216.202.68.70
62,Bron,Benning,bbenning1p@so-net.ne.jp,Male,241.120.240.220
63,Larisa,Battyll,lbattyll1q@cornell.edu,Female,70.24.145.44
64,Eleen,Rawson,erawson1r@state.gov,Female,87.193.11.81
65,Sarina,Langstone,slangstone1s@thetimes.co.uk,Female,135.125.242.58
66,Eli,Lacotte,elacotte1t@elegantthemes.com,Male,146.219.90.227
67,Dag,Connett,dconnett1u@cisco.com,Male,74.176.114.70
68,Merwyn,Boylin,mboylin1v@smh.com.au,Polygender,93.30.234.18
69,Bernardo,Badger,bbadger1w@berkeley.edu,Male,1.198.48.13
70,Kienan,Venning,kvenning1x@drupal.org,Male,141.188.232.75
71,Siegfried,Keune,skeune1y@google.pl,Male,119.9.79.58
72,Erina,Ranken,eranken1z@weibo.com,Bigender,193.61.204.236
73,Misha,Grills,mgrills20@home.pl,Female,159.43.99.16
74,Skye,Leppington,sleppington21@discovery.com,Male,118.25.49.184
75,Kendell,Purkess,kpurkess22@google.fr,Male,220.152.190.94
76,Mitchel,Andriessen,mandriessen23@rakuten.co.jp,Male,132.2.238.74
77,Pete,Stilling,pstilling24@mozilla.com,Male,76.132.92.54
78,Davida,McClosh,dmcclosh25@nytimes.com,Female,123.58.96.192
79,Northrup,Ferroni,nferroni26@alexa.com,Male,24.223.97.31
80,Gerhardt,Hughill,ghughill27@google.com.au,Male,9.42.119.67
81,Talyah,Winser,twinser28@apache.org,Genderqueer,200.63.127.185
82,Ricca,Kits,rkits29@abc.net.au,Female,214.65.83.201
83,Donnajean,Salzberg,dsalzberg2a@jigsy.com,Female,47.123.195.92
84,Agata,Daine,adaine2b@ehow.com,Female,233.226.244.174
85,Ransom,Tackley,rtackley2c@ibm.com,Male,28.241.193.104
86,Shirl,Lindblad,slindblad2d@over-blog.com,Female,236.178.105.37
87,Jasen,Hennington,jhennington2e@behance.net,Male,54.132.6.252
88,Margarete,Saberton,msaberton2f@stanford.edu,Female,74.242.97.164
89,Michaeline,Brodest,mbrodest2g@stanford.edu,Female,92.60.133.104
90,Wade,Gheerhaert,wgheerhaert2h@cam.ac.uk,Male,29.31.188.40
91,Lanie,Espadate,lespadate2i@elegantthemes.com,Bigender,16.211.253.98
92,Sandy,Lathleiff,slathleiff2j@biblegateway.com,Female,253.16.88.108
93,Evonne,Stopp,estopp2k@chronoengine.com,Female,1.49.141.152
94,Marlon,Ghent,mghent2l@rakuten.co.jp,Male,219.230.42.83
95,Melinda,Egre,megre2m@cbc.ca,Female,38.239.50.132
96,Sadella,Dibdale,sdibdale2n@ucoz.com,Female,250.149.65.125
97,Brenden,Dmitriev,bdmitriev2o@nih.gov,Male,157.197.152.143
98,Doyle,Kasting,dkasting2p@gravatar.com,Male,2.232.207.31
99,Aida,Larrad,alarrad2q@webmd.com,Female,108.87.41.143
100,Amabel,Aubert,aaubert2r@salon.com,Female,34.45.70.233
101,Philbert,Pantecost,ppantecost2s@opera.com,Male,249.91.203.238
102,Kerwinn,Caplin,kcaplin2t@gizmodo.com,Male,40.199.217.250
103,Garald,Manis,gmanis2u@tuttocitta.it,Male,60.24.137.157
104,Susanne,Onions,sonions2v@nba.com,Female,88.77.64.10
105,Raf,Weitzel,rweitzel2w@w3.org,Female,17.167.66.130
106,Leah,Stoeckle,lstoeckle2x@msu.edu,Female,139.9.211.221
107,Siusan,Service,sservice2y@google.de,Female,228.68.73.174
108,Germaine,Whapham,gwhapham2z@stanford.edu,Male,132.110.191.68
109,Eadmund,Naismith,enaismith30@plala.or.jp,Male,244.9.172.78
110,Reena,Dall,rdall31@rambler.ru,Female,150.127.31.244
111,Barbara-anne,Abley,babley32@about.com,Female,181.90.14.0
112,Cy,Treamayne,ctreamayne33@ucla.edu,Male,59.57.173.12
113,Eduardo,Crothers,ecrothers34@ted.com,Male,167.13.3.49
114,Betteanne,Rickeard,brickeard35@drupal.org,Female,22.159.84.106
115,Llywellyn,Gidney,lgidney36@oracle.com,Male,118.70.165.129
116,Hugo,Langmuir,hlangmuir37@virginia.edu,Male,67.135.59.19
117,Bren,Reis,breis38@sbwire.com,Male,100.101.150.62
118,Harbert,Ledstone,hledstone39@bandcamp.com,Male,216.211.247.194
119,Dody,Hussy,dhussy3a@huffingtonpost.com,Female,169.3.34.101
120,Teresina,Jiranek,tjiranek3b@pbs.org,Female,13.106.29.240
121,Seward,Daniel,sdaniel3c@technorati.com,Male,158.11.115.214
122,Tull,Gallandre,tgallandre3d@artisteer.com,Male,186.216.238.202
